id0_0000.mp4,REAL
id0_0001.mp4,REAL
id0_0002.mp4,REAL
id0_0003.mp4,REAL
id0_0004.mp4,REAL
id0_0005.mp4,REAL
id0_0006.mp4,REAL
id0_0007.mp4,REAL
id0_0008.mp4,REAL
id0_0009.mp4,REAL
id1_0000.mp4,REAL
id1_0001.mp4,REAL
id1_0002.mp4,REAL
id1_0003.mp4,REAL
id1_0004.mp4,REAL
id1_0005.mp4,REAL
id1_0006.mp4,REAL
id1_0007.mp4,REAL
id1_0008.mp4,REAL
id1_0009.mp4,REAL
id2_0000.mp4,REAL
id2_0001.mp4,REAL
id2_0002.mp4,REAL
id2_0003.mp4,REAL
id2_0004.mp4,REAL
id2_0005.mp4,REAL
id2_0006.mp4,REAL
id2_0007.mp4,REAL
id2_0008.mp4,REAL
id2_0009.mp4,REAL
id3_0000.mp4,REAL
id3_0001.mp4,REAL
id3_0002.mp4,REAL
id3_0003.mp4,REAL
id3_0004.mp4,REAL
id3_0005.mp4,REAL
id3_0006.mp4,REAL
id3_0007.mp4,REAL
id3_0008.mp4,REAL
id3_0009.mp4,REAL
id4_0000.mp4,REAL
id4_0001.mp4,REAL
id4_0002.mp4,REAL
id4_0003.mp4,REAL
id4_0004.mp4,REAL
id4_0005.mp4,REAL
id4_0006.mp4,REAL
id4_0007.mp4,REAL
id4_0008.mp4,REAL
id4_0009.mp4,REAL
id6_0000.mp4,REAL
id6_0001.mp4,REAL
id6_0002.mp4,REAL
id6_0003.mp4,REAL
id6_0004.mp4,REAL
id6_0005.mp4,REAL
id6_0006.mp4,REAL
id6_0007.mp4,REAL
id6_0008.mp4,REAL
id6_0009.mp4,REAL
id7_0000.mp4,REAL
id7_0001.mp4,REAL
id7_0002.mp4,REAL
id7_0003.mp4,REAL
id7_0004.mp4,REAL
id7_0005.mp4,REAL
id7_0006.mp4,REAL
id7_0007.mp4,REAL
id7_0008.mp4,REAL
id7_0009.mp4,REAL
id8_0000.mp4,REAL
id8_0001.mp4,REAL
id8_0002.mp4,REAL
id8_0003.mp4,REAL
id8_0004.mp4,REAL
id8_0005.mp4,REAL
id8_0006.mp4,REAL
id8_0007.mp4,REAL
id8_0008.mp4,REAL
id8_0009.mp4,REAL
id9_0000.mp4,REAL
id9_0001.mp4,REAL
id9_0002.mp4,REAL
id9_0003.mp4,REAL
id9_0004.mp4,REAL
id9_0005.mp4,REAL
id9_0006.mp4,REAL
id9_0007.mp4,REAL
id9_0008.mp4,REAL
id9_0009.mp4,REAL
id10_0000.mp4,REAL
id10_0001.mp4,REAL
id10_0002.mp4,REAL
id10_0003.mp4,REAL
id10_0004.mp4,REAL
id10_0005.mp4,REAL
id10_0006.mp4,REAL
id10_0007.mp4,REAL
id10_0008.mp4,REAL
id10_0009.mp4,REAL
id11_0000.mp4,REAL
id11_0001.mp4,REAL
id11_0002.mp4,REAL
id11_0003.mp4,REAL
id11_0004.mp4,REAL
id11_0005.mp4,REAL
id11_0006.mp4,REAL
id11_0007.mp4,REAL
id11_0008.mp4,REAL
id11_0009.mp4,REAL
id11_0010.mp4,REAL
id12_0000.mp4,REAL
id12_0001.mp4,REAL
id12_0002.mp4,REAL
id12_0003.mp4,REAL
id12_0004.mp4,REAL
id12_0005.mp4,REAL
id12_0006.mp4,REAL
id13_0000.mp4,REAL
id13_0001.mp4,REAL
id13_0002.mp4,REAL
id13_0003.mp4,REAL
id13_0004.mp4,REAL
id13_0005.mp4,REAL
id13_0006.mp4,REAL
id13_0007.mp4,REAL
id13_0008.mp4,REAL
id13_0009.mp4,REAL
id13_0010.mp4,REAL
id13_0011.mp4,REAL
id13_0012.mp4,REAL
id13_0013.mp4,REAL
id13_0014.mp4,REAL
id13_0015.mp4,REAL
id16_0000.mp4,REAL
id16_0001.mp4,REAL
id16_0002.mp4,REAL
id16_0003.mp4,REAL
id16_0004.mp4,REAL
id16_0005.mp4,REAL
id16_0006.mp4,REAL
id16_0007.mp4,REAL
id16_0008.mp4,REAL
id16_0009.mp4,REAL
id16_0010.mp4,REAL
id16_0011.mp4,REAL
id16_0012.mp4,REAL
id16_0013.mp4,REAL
id17_0000.mp4,REAL
id17_0001.mp4,REAL
id17_0002.mp4,REAL
id17_0003.mp4,REAL
id17_0004.mp4,REAL
id17_0005.mp4,REAL
id17_0006.mp4,REAL
id17_0007.mp4,REAL
id17_0008.mp4,REAL
id17_0009.mp4,REAL
00224.mp4,REAL
00225.mp4,REAL
00226.mp4,REAL
00227.mp4,REAL
00228.mp4,REAL
00229.mp4,REAL
00230.mp4,REAL
00231.mp4,REAL
00232.mp4,REAL
00233.mp4,REAL
00234.mp4,REAL
00235.mp4,REAL
00236.mp4,REAL
00237.mp4,REAL
00238.mp4,REAL
00239.mp4,REAL
00240.mp4,REAL
00241.mp4,REAL
00242.mp4,REAL
00243.mp4,REAL
00244.mp4,REAL
00245.mp4,REAL
00246.mp4,REAL
00247.mp4,REAL
00248.mp4,REAL
00249.mp4,REAL
00000.mp4,REAL
00001.mp4,REAL
00002.mp4,REAL
00003.mp4,REAL
00004.mp4,REAL
00005.mp4,REAL
00006.mp4,REAL
00007.mp4,REAL
00008.mp4,REAL
00009.mp4,REAL
00010.mp4,REAL
00011.mp4,REAL
00012.mp4,REAL
00013.mp4,REAL
00014.mp4,REAL
00015.mp4,REAL
00016.mp4,REAL
00017.mp4,REAL
00018.mp4,REAL
00019.mp4,REAL
00020.mp4,REAL
00021.mp4,REAL
00022.mp4,REAL
00023.mp4,REAL
00024.mp4,REAL
00025.mp4,REAL
00026.mp4,REAL
00027.mp4,REAL
00028.mp4,REAL
00029.mp4,REAL
00030.mp4,REAL
00031.mp4,REAL
00032.mp4,REAL
00033.mp4,REAL
00034.mp4,REAL
00035.mp4,REAL
00036.mp4,REAL
00037.mp4,REAL
00038.mp4,REAL
00039.mp4,REAL
00040.mp4,REAL
00041.mp4,REAL
00042.mp4,REAL
00043.mp4,REAL
00044.mp4,REAL
00045.mp4,REAL
00046.mp4,REAL
00047.mp4,REAL
00048.mp4,REAL
00049.mp4,REAL
00050.mp4,REAL
00051.mp4,REAL
00052.mp4,REAL
00053.mp4,REAL
00054.mp4,REAL
00055.mp4,REAL
00056.mp4,REAL
00057.mp4,REAL
00058.mp4,REAL
00059.mp4,REAL
00060.mp4,REAL
00061.mp4,REAL
00062.mp4,REAL
00063.mp4,REAL
00064.mp4,REAL
00065.mp4,REAL
00066.mp4,REAL
00067.mp4,REAL
00068.mp4,REAL
00069.mp4,REAL
00070.mp4,REAL
00071.mp4,REAL
00072.mp4,REAL
00073.mp4,REAL
00074.mp4,REAL
00075.mp4,REAL
00076.mp4,REAL
00077.mp4,REAL
00078.mp4,REAL
00079.mp4,REAL
00080.mp4,REAL
00081.mp4,REAL
00082.mp4,REAL
00083.mp4,REAL
00084.mp4,REAL
00085.mp4,REAL
00086.mp4,REAL
00087.mp4,REAL
00088.mp4,REAL
00089.mp4,REAL
00090.mp4,REAL
00091.mp4,REAL
00092.mp4,REAL
00093.mp4,REAL
00094.mp4,REAL
00095.mp4,REAL
00096.mp4,REAL
00097.mp4,REAL
00098.mp4,REAL
00099.mp4,REAL
00100.mp4,REAL
00101.mp4,REAL
00102.mp4,REAL
00103.mp4,REAL
00104.mp4,REAL
00105.mp4,REAL
00106.mp4,REAL
00107.mp4,REAL
00108.mp4,REAL
00109.mp4,REAL
00110.mp4,REAL
00111.mp4,REAL
00112.mp4,REAL
00113.mp4,REAL
00114.mp4,REAL
00115.mp4,REAL
00116.mp4,REAL
00117.mp4,REAL
00118.mp4,REAL
00119.mp4,REAL
00120.mp4,REAL
00121.mp4,REAL
00122.mp4,REAL
00123.mp4,REAL
00124.mp4,REAL
00125.mp4,REAL
00126.mp4,REAL
00127.mp4,REAL
00128.mp4,REAL
00129.mp4,REAL
00130.mp4,REAL
00131.mp4,REAL
00132.mp4,REAL
00133.mp4,REAL
00134.mp4,REAL
00135.mp4,REAL
00136.mp4,REAL
00137.mp4,REAL
00138.mp4,REAL
00139.mp4,REAL
00140.mp4,REAL
00141.mp4,REAL
00142.mp4,REAL
00143.mp4,REAL
00144.mp4,REAL
00145.mp4,REAL
00146.mp4,REAL
00147.mp4,REAL
00148.mp4,REAL
00149.mp4,REAL
00150.mp4,REAL
00151.mp4,REAL
00152.mp4,REAL
00153.mp4,REAL
00154.mp4,REAL
00155.mp4,REAL
00156.mp4,REAL
00157.mp4,REAL
00158.mp4,REAL
00159.mp4,REAL
00160.mp4,REAL
00161.mp4,REAL
00162.mp4,REAL
00163.mp4,REAL
00164.mp4,REAL
00165.mp4,REAL
00166.mp4,REAL
00167.mp4,REAL
00168.mp4,REAL
00169.mp4,REAL
00170.mp4,REAL
00171.mp4,REAL
00172.mp4,REAL
00173.mp4,REAL
00174.mp4,REAL
00175.mp4,REAL
00176.mp4,REAL
00177.mp4,REAL
00178.mp4,REAL
00179.mp4,REAL
00180.mp4,REAL
00181.mp4,REAL
00182.mp4,REAL
00183.mp4,REAL
00184.mp4,REAL
00185.mp4,REAL
00186.mp4,REAL
00187.mp4,REAL
00188.mp4,REAL
00189.mp4,REAL
00190.mp4,REAL
00191.mp4,REAL
00192.mp4,REAL
00193.mp4,REAL
00194.mp4,REAL
00195.mp4,REAL
00196.mp4,REAL
00197.mp4,REAL
00198.mp4,REAL
00199.mp4,REAL
00200.mp4,REAL
00201.mp4,REAL
00202.mp4,REAL
00203.mp4,REAL
00204.mp4,REAL
00205.mp4,REAL
00206.mp4,REAL
00207.mp4,REAL
00208.mp4,REAL
00209.mp4,REAL
00210.mp4,REAL
00211.mp4,REAL
00212.mp4,REAL
00213.mp4,REAL
00214.mp4,REAL
00215.mp4,REAL
00216.mp4,REAL
00217.mp4,REAL
00218.mp4,REAL
00219.mp4,REAL
00220.mp4,REAL
00221.mp4,REAL
00222.mp4,REAL
00223.mp4,REAL
id17_id6_0006.mp4,FAKE
id17_id6_0007.mp4,FAKE
id17_id6_0009.mp4,FAKE
id17_id9_0000.mp4,FAKE
id17_id9_0001.mp4,FAKE
id17_id9_0002.mp4,FAKE
id17_id9_0003.mp4,FAKE
id17_id9_0004.mp4,FAKE
id17_id9_0005.mp4,FAKE
id17_id9_0006.mp4,FAKE
id17_id9_0007.mp4,FAKE
id17_id9_0009.mp4,FAKE
id17_id16_0000.mp4,FAKE
id17_id16_0001.mp4,FAKE
id17_id16_0002.mp4,FAKE
id17_id16_0003.mp4,FAKE
id17_id16_0004.mp4,FAKE
id17_id16_0005.mp4,FAKE
id17_id16_0006.mp4,FAKE
id17_id16_0007.mp4,FAKE
id17_id16_0009.mp4,FAKE
id0_id1_0000.mp4,FAKE
id0_id1_0001.mp4,FAKE
id0_id1_0002.mp4,FAKE
id0_id1_0003.mp4,FAKE
id0_id1_0005.mp4,FAKE
id0_id1_0006.mp4,FAKE
id0_id1_0007.mp4,FAKE
id0_id1_0009.mp4,FAKE
id0_id2_0000.mp4,FAKE
id0_id2_0001.mp4,FAKE
id0_id2_0002.mp4,FAKE
id0_id2_0003.mp4,FAKE
id0_id2_0004.mp4,FAKE
id0_id2_0005.mp4,FAKE
id0_id2_0006.mp4,FAKE
id0_id2_0007.mp4,FAKE
id0_id2_0008.mp4,FAKE
id0_id2_0009.mp4,FAKE
id0_id3_0000.mp4,FAKE
id0_id3_0001.mp4,FAKE
id0_id3_0002.mp4,FAKE
id0_id3_0003.mp4,FAKE
id0_id3_0004.mp4,FAKE
id0_id3_0005.mp4,FAKE
id0_id3_0006.mp4,FAKE
id0_id3_0007.mp4,FAKE
id0_id3_0008.mp4,FAKE
id0_id3_0009.mp4,FAKE
id0_id4_0000.mp4,FAKE
id0_id4_0001.mp4,FAKE
id0_id4_0002.mp4,FAKE
id0_id4_0003.mp4,FAKE
id0_id4_0004.mp4,FAKE
id0_id4_0005.mp4,FAKE
id0_id4_0006.mp4,FAKE
id0_id4_0009.mp4,FAKE
id0_id6_0000.mp4,FAKE
id0_id6_0001.mp4,FAKE
id0_id6_0002.mp4,FAKE
id0_id6_0006.mp4,FAKE
id0_id6_0007.mp4,FAKE
id0_id6_0009.mp4,FAKE
id0_id9_0000.mp4,FAKE
id0_id9_0001.mp4,FAKE
id0_id9_0002.mp4,FAKE
id0_id9_0003.mp4,FAKE
id0_id9_0005.mp4,FAKE
id0_id9_0006.mp4,FAKE
id0_id9_0007.mp4,FAKE
id0_id9_0008.mp4,FAKE
id0_id9_0009.mp4,FAKE
id0_id16_0000.mp4,FAKE
id0_id16_0001.mp4,FAKE
id0_id16_0002.mp4,FAKE
id0_id16_0003.mp4,FAKE
id0_id16_0004.mp4,FAKE
id0_id16_0005.mp4,FAKE
id0_id16_0006.mp4,FAKE
id0_id16_0007.mp4,FAKE
id0_id16_0008.mp4,FAKE
id0_id16_0009.mp4,FAKE
id0_id17_0000.mp4,FAKE
id0_id17_0001.mp4,FAKE
id0_id17_0002.mp4,FAKE
id0_id17_0003.mp4,FAKE
id0_id17_0005.mp4,FAKE
id0_id17_0006.mp4,FAKE
id0_id17_0007.mp4,FAKE
id0_id17_0009.mp4,FAKE
id1_id0_0000.mp4,FAKE
id1_id0_0001.mp4,FAKE
id1_id0_0002.mp4,FAKE
id1_id0_0003.mp4,FAKE
id1_id0_0004.mp4,FAKE
id1_id0_0005.mp4,FAKE
id1_id0_0006.mp4,FAKE
id1_id0_0007.mp4,FAKE
id1_id0_0009.mp4,FAKE
id1_id2_0000.mp4,FAKE
id1_id2_0001.mp4,FAKE
id1_id2_0002.mp4,FAKE
id1_id2_0003.mp4,FAKE
id1_id2_0004.mp4,FAKE
id1_id2_0005.mp4,FAKE
id1_id2_0006.mp4,FAKE
id1_id2_0007.mp4,FAKE
id1_id2_0009.mp4,FAKE
id1_id3_0000.mp4,FAKE
id1_id3_0001.mp4,FAKE
id1_id3_0002.mp4,FAKE
id1_id3_0003.mp4,FAKE
id1_id3_0004.mp4,FAKE
id1_id3_0005.mp4,FAKE
id1_id3_0006.mp4,FAKE
id1_id3_0007.mp4,FAKE
id1_id3_0009.mp4,FAKE
id1_id4_0000.mp4,FAKE
id1_id4_0001.mp4,FAKE
id1_id4_0002.mp4,FAKE
id1_id4_0003.mp4,FAKE
id1_id4_0004.mp4,FAKE
id1_id4_0005.mp4,FAKE
id1_id4_0006.mp4,FAKE
id1_id4_0007.mp4,FAKE
id1_id4_0009.mp4,FAKE
id1_id6_0000.mp4,FAKE
id1_id6_0001.mp4,FAKE
id1_id6_0002.mp4,FAKE
id1_id6_0003.mp4,FAKE
id1_id6_0004.mp4,FAKE
id1_id6_0005.mp4,FAKE
id1_id6_0006.mp4,FAKE
id1_id6_0007.mp4,FAKE
id1_id6_0009.mp4,FAKE
id1_id9_0000.mp4,FAKE
id1_id9_0001.mp4,FAKE
id1_id9_0002.mp4,FAKE
id1_id9_0003.mp4,FAKE
id1_id9_0004.mp4,FAKE
id1_id9_0005.mp4,FAKE
id1_id9_0006.mp4,FAKE
id1_id9_0007.mp4,FAKE
id1_id9_0009.mp4,FAKE
id1_id16_0000.mp4,FAKE
id1_id16_0001.mp4,FAKE
id1_id16_0002.mp4,FAKE
id1_id16_0003.mp4,FAKE
id1_id16_0004.mp4,FAKE
id1_id16_0005.mp4,FAKE
id1_id16_0006.mp4,FAKE
id1_id16_0007.mp4,FAKE
id1_id16_0009.mp4,FAKE
id1_id17_0000.mp4,FAKE
id1_id17_0001.mp4,FAKE
id1_id17_0002.mp4,FAKE
id1_id17_0003.mp4,FAKE
id1_id17_0004.mp4,FAKE
id1_id17_0005.mp4,FAKE
id1_id17_0006.mp4,FAKE
id1_id17_0007.mp4,FAKE
id1_id17_0009.mp4,FAKE
id2_id0_0000.mp4,FAKE
id2_id0_0001.mp4,FAKE
id2_id0_0002.mp4,FAKE
id2_id0_0003.mp4,FAKE
id2_id0_0004.mp4,FAKE
id2_id0_0005.mp4,FAKE
id2_id0_0006.mp4,FAKE
id2_id0_0007.mp4,FAKE
id2_id0_0008.mp4,FAKE
id2_id0_0009.mp4,FAKE
id2_id1_0000.mp4,FAKE
id2_id1_0001.mp4,FAKE
id2_id1_0002.mp4,FAKE
id2_id1_0003.mp4,FAKE
id2_id1_0004.mp4,FAKE
id2_id1_0005.mp4,FAKE
id2_id1_0006.mp4,FAKE
id2_id1_0007.mp4,FAKE
id2_id1_0008.mp4,FAKE
id2_id1_0009.mp4,FAKE
id2_id3_0000.mp4,FAKE
id2_id3_0001.mp4,FAKE
id2_id3_0002.mp4,FAKE
id2_id3_0003.mp4,FAKE
id2_id3_0004.mp4,FAKE
id2_id3_0005.mp4,FAKE
id2_id3_0006.mp4,FAKE
id2_id3_0007.mp4,FAKE
id2_id3_0008.mp4,FAKE
id2_id3_0009.mp4,FAKE
id2_id4_0000.mp4,FAKE
id2_id4_0001.mp4,FAKE
id2_id4_0002.mp4,FAKE
id2_id4_0003.mp4,FAKE
id2_id4_0006.mp4,FAKE
id2_id4_0007.mp4,FAKE
id2_id4_0008.mp4,FAKE
id2_id4_0009.mp4,FAKE
id2_id6_0001.mp4,FAKE
id2_id6_0002.mp4,FAKE
id2_id6_0003.mp4,FAKE
id2_id6_0004.mp4,FAKE
id2_id6_0005.mp4,FAKE
id2_id6_0006.mp4,FAKE
id2_id6_0007.mp4,FAKE
id2_id6_0008.mp4,FAKE
id2_id6_0009.mp4,FAKE
id2_id9_0000.mp4,FAKE
id2_id9_0001.mp4,FAKE
id2_id9_0002.mp4,FAKE
id2_id9_0003.mp4,FAKE
id2_id9_0004.mp4,FAKE
id2_id9_0005.mp4,FAKE
id2_id9_0006.mp4,FAKE
id2_id9_0007.mp4,FAKE
id2_id9_0008.mp4,FAKE
id2_id9_0009.mp4,FAKE
id2_id16_0000.mp4,FAKE
id2_id16_0001.mp4,FAKE
id2_id16_0002.mp4,FAKE
id2_id16_0003.mp4,FAKE
id2_id16_0004.mp4,FAKE
id2_id16_0005.mp4,FAKE
id2_id16_0006.mp4,FAKE
id2_id16_0007.mp4,FAKE
id2_id16_0008.mp4,FAKE
id2_id16_0009.mp4,FAKE
id2_id17_0000.mp4,FAKE
id2_id17_0001.mp4,FAKE
id2_id17_0002.mp4,FAKE
id2_id17_0003.mp4,FAKE
id2_id17_0004.mp4,FAKE
id2_id17_0005.mp4,FAKE
id2_id17_0006.mp4,FAKE
id2_id17_0007.mp4,FAKE
id2_id17_0008.mp4,FAKE
id2_id17_0009.mp4,FAKE
id3_id0_0000.mp4,FAKE
id3_id0_0001.mp4,FAKE
id3_id0_0002.mp4,FAKE
id3_id0_0003.mp4,FAKE
id3_id0_0004.mp4,FAKE
id3_id0_0005.mp4,FAKE
id3_id0_0006.mp4,FAKE
id3_id0_0007.mp4,FAKE
id3_id0_0008.mp4,FAKE
id3_id0_0009.mp4,FAKE
id3_id1_0001.mp4,FAKE
id3_id1_0002.mp4,FAKE
id3_id1_0003.mp4,FAKE
id3_id1_0004.mp4,FAKE
id3_id1_0005.mp4,FAKE
id3_id1_0006.mp4,FAKE
id3_id1_0007.mp4,FAKE
id3_id1_0008.mp4,FAKE
id3_id1_0009.mp4,FAKE
id3_id2_0000.mp4,FAKE
id3_id2_0001.mp4,FAKE
id3_id2_0002.mp4,FAKE
id3_id2_0003.mp4,FAKE
id3_id2_0004.mp4,FAKE
id3_id2_0005.mp4,FAKE
id3_id2_0006.mp4,FAKE
id3_id2_0007.mp4,FAKE
id3_id2_0008.mp4,FAKE
id3_id2_0009.mp4,FAKE
id3_id4_0001.mp4,FAKE
id3_id4_0003.mp4,FAKE
id3_id4_0004.mp4,FAKE
id3_id4_0005.mp4,FAKE
id3_id4_0006.mp4,FAKE
id3_id4_0008.mp4,FAKE
id3_id6_0000.mp4,FAKE
id3_id6_0001.mp4,FAKE
id3_id6_0002.mp4,FAKE
id3_id6_0003.mp4,FAKE
id3_id6_0004.mp4,FAKE
id3_id6_0005.mp4,FAKE
id3_id6_0006.mp4,FAKE
id3_id6_0007.mp4,FAKE
id3_id6_0008.mp4,FAKE
id3_id6_0009.mp4,FAKE
id3_id9_0000.mp4,FAKE
id3_id9_0001.mp4,FAKE
id3_id9_0002.mp4,FAKE
id3_id9_0003.mp4,FAKE
id3_id9_0004.mp4,FAKE
id3_id9_0005.mp4,FAKE
id3_id9_0006.mp4,FAKE
id3_id9_0007.mp4,FAKE
id3_id9_0008.mp4,FAKE
id3_id9_0009.mp4,FAKE
id3_id16_0000.mp4,FAKE
id3_id16_0001.mp4,FAKE
id3_id16_0002.mp4,FAKE
id3_id16_0003.mp4,FAKE
id3_id16_0004.mp4,FAKE
id3_id16_0005.mp4,FAKE
id3_id16_0006.mp4,FAKE
id3_id16_0008.mp4,FAKE
id3_id16_0009.mp4,FAKE
id3_id17_0000.mp4,FAKE
id3_id17_0001.mp4,FAKE
id3_id17_0002.mp4,FAKE
id3_id17_0003.mp4,FAKE
id3_id17_0004.mp4,FAKE
id3_id17_0005.mp4,FAKE
id3_id17_0006.mp4,FAKE
id3_id17_0007.mp4,FAKE
id3_id17_0008.mp4,FAKE
id3_id17_0009.mp4,FAKE
id4_id0_0000.mp4,FAKE
id4_id0_0001.mp4,FAKE
id4_id0_0002.mp4,FAKE
id4_id0_0003.mp4,FAKE
id4_id0_0004.mp4,FAKE
id4_id0_0005.mp4,FAKE
id4_id0_0006.mp4,FAKE
id4_id0_0007.mp4,FAKE
id4_id0_0008.mp4,FAKE
id4_id0_0009.mp4,FAKE
id4_id1_0000.mp4,FAKE
id4_id1_0001.mp4,FAKE
id4_id1_0002.mp4,FAKE
id4_id1_0003.mp4,FAKE
id4_id1_0004.mp4,FAKE
id4_id1_0005.mp4,FAKE
id4_id1_0006.mp4,FAKE
id4_id1_0007.mp4,FAKE
id4_id1_0008.mp4,FAKE
id4_id1_0009.mp4,FAKE
id4_id2_0000.mp4,FAKE
id4_id2_0001.mp4,FAKE
id4_id2_0002.mp4,FAKE
id4_id2_0003.mp4,FAKE
id4_id2_0004.mp4,FAKE
id4_id2_0005.mp4,FAKE
id4_id2_0006.mp4,FAKE
id4_id2_0007.mp4,FAKE
id4_id2_0008.mp4,FAKE
id4_id2_0009.mp4,FAKE
id4_id3_0000.mp4,FAKE
id4_id3_0001.mp4,FAKE
id4_id3_0002.mp4,FAKE
id4_id3_0003.mp4,FAKE
id4_id3_0004.mp4,FAKE
id4_id3_0005.mp4,FAKE
id4_id3_0006.mp4,FAKE
id4_id3_0007.mp4,FAKE
id4_id3_0008.mp4,FAKE
id4_id3_0009.mp4,FAKE
id4_id6_0000.mp4,FAKE
id4_id6_0001.mp4,FAKE
id4_id6_0002.mp4,FAKE
id4_id6_0003.mp4,FAKE
id4_id6_0004.mp4,FAKE
id4_id6_0005.mp4,FAKE
id4_id6_0006.mp4,FAKE
id4_id6_0007.mp4,FAKE
id4_id6_0008.mp4,FAKE
id4_id6_0009.mp4,FAKE
id4_id9_0000.mp4,FAKE
id4_id9_0001.mp4,FAKE
id4_id9_0002.mp4,FAKE
id4_id9_0003.mp4,FAKE
id4_id9_0004.mp4,FAKE
id4_id9_0005.mp4,FAKE
id4_id9_0006.mp4,FAKE
id4_id9_0007.mp4,FAKE
id4_id9_0008.mp4,FAKE
id6_id0_0000.mp4,FAKE
id6_id0_0001.mp4,FAKE
id6_id0_0002.mp4,FAKE
id6_id0_0003.mp4,FAKE
id6_id0_0004.mp4,FAKE
id6_id0_0005.mp4,FAKE
id6_id0_0006.mp4,FAKE
id6_id0_0007.mp4,FAKE
id6_id0_0008.mp4,FAKE
id6_id0_0009.mp4,FAKE
id6_id1_0000.mp4,FAKE
id6_id1_0001.mp4,FAKE
id6_id1_0002.mp4,FAKE
id6_id1_0003.mp4,FAKE
id6_id1_0004.mp4,FAKE
id6_id1_0005.mp4,FAKE
id6_id1_0006.mp4,FAKE
id6_id1_0007.mp4,FAKE
id6_id1_0008.mp4,FAKE
id6_id1_0009.mp4,FAKE
id6_id2_0000.mp4,FAKE
id6_id2_0001.mp4,FAKE
id6_id2_0002.mp4,FAKE
id6_id2_0003.mp4,FAKE
id6_id2_0004.mp4,FAKE
id6_id2_0005.mp4,FAKE
id6_id2_0006.mp4,FAKE
id6_id2_0007.mp4,FAKE
id6_id2_0008.mp4,FAKE
id6_id2_0009.mp4,FAKE
id6_id3_0000.mp4,FAKE
id6_id3_0001.mp4,FAKE
id6_id3_0002.mp4,FAKE
id6_id3_0003.mp4,FAKE
id6_id3_0004.mp4,FAKE
id6_id3_0005.mp4,FAKE
id6_id3_0006.mp4,FAKE
id6_id3_0007.mp4,FAKE
id6_id3_0008.mp4,FAKE
id6_id3_0009.mp4,FAKE
id6_id4_0001.mp4,FAKE
id6_id4_0004.mp4,FAKE
id6_id4_0005.mp4,FAKE
id6_id4_0006.mp4,FAKE
id6_id4_0007.mp4,FAKE
id6_id4_0008.mp4,FAKE
id6_id4_0009.mp4,FAKE
id6_id9_0000.mp4,FAKE
id6_id9_0001.mp4,FAKE
id6_id9_0002.mp4,FAKE
id6_id9_0003.mp4,FAKE
id6_id9_0004.mp4,FAKE
id6_id9_0005.mp4,FAKE
id6_id9_0006.mp4,FAKE
id6_id9_0007.mp4,FAKE
id6_id9_0008.mp4,FAKE
id6_id9_0009.mp4,FAKE
id6_id16_0000.mp4,FAKE
id6_id16_0001.mp4,FAKE
id6_id16_0002.mp4,FAKE
id6_id16_0003.mp4,FAKE
id6_id16_0004.mp4,FAKE
id6_id16_0005.mp4,FAKE
id6_id16_0006.mp4,FAKE
id6_id16_0007.mp4,FAKE
id6_id16_0008.mp4,FAKE
id6_id16_0009.mp4,FAKE
id6_id17_0000.mp4,FAKE
id6_id17_0001.mp4,FAKE
id6_id17_0002.mp4,FAKE
id6_id17_0003.mp4,FAKE
id6_id17_0004.mp4,FAKE
id6_id17_0005.mp4,FAKE
id6_id17_0006.mp4,FAKE
id6_id17_0007.mp4,FAKE
id6_id17_0008.mp4,FAKE
id6_id17_0009.mp4,FAKE
id7_id10_0001.mp4,FAKE
id7_id10_0002.mp4,FAKE
id7_id10_0003.mp4,FAKE
id7_id10_0004.mp4,FAKE
id7_id10_0005.mp4,FAKE
id7_id10_0007.mp4,FAKE
id7_id10_0009.mp4,FAKE
id7_id11_0000.mp4,FAKE
id7_id11_0001.mp4,FAKE
id7_id11_0002.mp4,FAKE
id7_id11_0004.mp4,FAKE
id7_id11_0005.mp4,FAKE
id7_id11_0006.mp4,FAKE
id7_id11_0007.mp4,FAKE
id7_id11_0009.mp4,FAKE
id7_id12_0000.mp4,FAKE
id7_id12_0002.mp4,FAKE
id7_id12_0004.mp4,FAKE
id7_id12_0005.mp4,FAKE
id7_id12_0007.mp4,FAKE
id7_id12_0009.mp4,FAKE
id7_id13_0000.mp4,FAKE
id7_id13_0001.mp4,FAKE
id7_id13_0002.mp4,FAKE
id7_id13_0004.mp4,FAKE
id7_id13_0005.mp4,FAKE
id7_id13_0006.mp4,FAKE
id7_id13_0007.mp4,FAKE
id7_id13_0009.mp4,FAKE
id8_id0_0002.mp4,FAKE
id8_id0_0003.mp4,FAKE
id8_id0_0007.mp4,FAKE
id8_id0_0008.mp4,FAKE
id8_id1_0002.mp4,FAKE
id8_id1_0003.mp4,FAKE
id8_id1_0007.mp4,FAKE
id8_id1_0008.mp4,FAKE
id8_id2_0002.mp4,FAKE
id8_id2_0003.mp4,FAKE
id8_id2_0007.mp4,FAKE
id8_id2_0008.mp4,FAKE
id8_id3_0002.mp4,FAKE
id8_id3_0003.mp4,FAKE
id8_id3_0007.mp4,FAKE
id8_id3_0008.mp4,FAKE
id8_id4_0007.mp4,FAKE
id8_id5_0002.mp4,FAKE
id8_id5_0003.mp4,FAKE
id8_id5_0007.mp4,FAKE
id8_id5_0008.mp4,FAKE
id8_id6_0002.mp4,FAKE
id8_id6_0003.mp4,FAKE
id8_id6_0007.mp4,FAKE
id8_id6_0008.mp4,FAKE
id8_id7_0002.mp4,FAKE
id8_id7_0003.mp4,FAKE
id8_id7_0007.mp4,FAKE
id8_id7_0008.mp4,FAKE
id8_id9_0002.mp4,FAKE
id8_id9_0003.mp4,FAKE
id8_id9_0007.mp4,FAKE
id8_id9_0008.mp4,FAKE
id9_id0_0000.mp4,FAKE
id9_id0_0001.mp4,FAKE
id9_id0_0003.mp4,FAKE
id9_id0_0004.mp4,FAKE
id9_id0_0005.mp4,FAKE
id9_id0_0006.mp4,FAKE
id9_id0_0007.mp4,FAKE
id9_id0_0008.mp4,FAKE
id9_id0_0009.mp4,FAKE
id9_id1_0000.mp4,FAKE
id9_id1_0001.mp4,FAKE
id9_id1_0002.mp4,FAKE
id9_id1_0004.mp4,FAKE
id9_id1_0005.mp4,FAKE
id9_id1_0006.mp4,FAKE
id9_id1_0008.mp4,FAKE
id9_id1_0009.mp4,FAKE
id9_id2_0000.mp4,FAKE
id9_id2_0001.mp4,FAKE
id9_id2_0002.mp4,FAKE
id9_id2_0004.mp4,FAKE
id9_id2_0005.mp4,FAKE
id9_id2_0006.mp4,FAKE
id9_id2_0007.mp4,FAKE
id9_id2_0008.mp4,FAKE
id9_id2_0009.mp4,FAKE
id9_id3_0000.mp4,FAKE
id9_id3_0001.mp4,FAKE
id9_id3_0002.mp4,FAKE
id9_id3_0004.mp4,FAKE
id9_id3_0005.mp4,FAKE
id9_id3_0006.mp4,FAKE
id9_id3_0007.mp4,FAKE
id9_id3_0008.mp4,FAKE
id9_id3_0009.mp4,FAKE
id9_id4_0000.mp4,FAKE
id9_id4_0001.mp4,FAKE
id9_id4_0002.mp4,FAKE
id9_id4_0004.mp4,FAKE
id9_id4_0005.mp4,FAKE
id9_id4_0006.mp4,FAKE
id9_id4_0007.mp4,FAKE
id9_id4_0008.mp4,FAKE
id9_id4_0009.mp4,FAKE
id9_id6_0000.mp4,FAKE
id9_id6_0001.mp4,FAKE
id9_id6_0002.mp4,FAKE
id9_id6_0004.mp4,FAKE
id9_id6_0005.mp4,FAKE
id9_id6_0006.mp4,FAKE
id9_id6_0007.mp4,FAKE
id9_id6_0008.mp4,FAKE
id9_id6_0009.mp4,FAKE
id9_id16_0000.mp4,FAKE
id9_id16_0001.mp4,FAKE
id9_id16_0002.mp4,FAKE
id9_id16_0003.mp4,FAKE
id9_id16_0004.mp4,FAKE
id9_id16_0005.mp4,FAKE
id9_id16_0006.mp4,FAKE
id9_id16_0007.mp4,FAKE
id9_id16_0008.mp4,FAKE
id9_id16_0009.mp4,FAKE
id9_id17_0000.mp4,FAKE
id9_id17_0001.mp4,FAKE
id9_id17_0002.mp4,FAKE
id9_id17_0003.mp4,FAKE
id9_id17_0004.mp4,FAKE
id9_id17_0005.mp4,FAKE
id9_id17_0006.mp4,FAKE
id9_id17_0007.mp4,FAKE
id9_id17_0008.mp4,FAKE
id9_id17_0009.mp4,FAKE
id10_id7_0001.mp4,FAKE
id10_id7_0002.mp4,FAKE
id10_id7_0003.mp4,FAKE
id10_id7_0004.mp4,FAKE
id10_id7_0005.mp4,FAKE
id10_id7_0006.mp4,FAKE
id10_id7_0007.mp4,FAKE
id10_id7_0008.mp4,FAKE
id10_id7_0009.mp4,FAKE
id10_id11_0001.mp4,FAKE
id10_id11_0002.mp4,FAKE
id10_id11_0003.mp4,FAKE
id10_id11_0004.mp4,FAKE
id10_id11_0005.mp4,FAKE
id10_id11_0006.mp4,FAKE
id10_id11_0007.mp4,FAKE
id10_id11_0008.mp4,FAKE
id10_id12_0001.mp4,FAKE
id10_id12_0002.mp4,FAKE
id10_id12_0003.mp4,FAKE
id10_id12_0004.mp4,FAKE
id10_id12_0005.mp4,FAKE
id10_id12_0006.mp4,FAKE
id10_id12_0007.mp4,FAKE
id10_id12_0008.mp4,FAKE
id10_id13_0001.mp4,FAKE
id10_id13_0002.mp4,FAKE
id10_id13_0003.mp4,FAKE
id10_id13_0004.mp4,FAKE
id10_id13_0005.mp4,FAKE
id10_id13_0006.mp4,FAKE
id10_id13_0007.mp4,FAKE
id10_id13_0008.mp4,FAKE
id11_id7_0000.mp4,FAKE
id11_id7_0001.mp4,FAKE
id11_id7_0002.mp4,FAKE
id11_id7_0003.mp4,FAKE
id11_id7_0004.mp4,FAKE
id11_id7_0005.mp4,FAKE
id11_id7_0006.mp4,FAKE
id11_id7_0007.mp4,FAKE
id11_id7_0008.mp4,FAKE
id11_id7_0009.mp4,FAKE
id11_id7_0010.mp4,FAKE
id12_id7_0000.mp4,FAKE
id12_id7_0001.mp4,FAKE
id12_id7_0002.mp4,FAKE
id12_id7_0004.mp4,FAKE
id12_id7_0005.mp4,FAKE
id12_id7_0006.mp4,FAKE
id12_id10_0001.mp4,FAKE
id12_id10_0002.mp4,FAKE
id12_id10_0004.mp4,FAKE
id12_id10_0005.mp4,FAKE
id12_id10_0006.mp4,FAKE
id13_id7_0000.mp4,FAKE
id13_id7_0001.mp4,FAKE
id13_id7_0002.mp4,FAKE
id13_id7_0003.mp4,FAKE
id13_id7_0004.mp4,FAKE
id13_id7_0005.mp4,FAKE
id13_id7_0007.mp4,FAKE
id13_id7_0008.mp4,FAKE
id13_id7_0009.mp4,FAKE
id13_id7_0011.mp4,FAKE
id13_id7_0012.mp4,FAKE
id13_id7_0015.mp4,FAKE
id13_id10_0000.mp4,FAKE
id13_id10_0001.mp4,FAKE
id13_id10_0003.mp4,FAKE
id13_id10_0004.mp4,FAKE
id13_id10_0005.mp4,FAKE
id13_id10_0007.mp4,FAKE
id13_id10_0008.mp4,FAKE
id13_id10_0011.mp4,FAKE
id13_id10_0012.mp4,FAKE
id13_id10_0014.mp4,FAKE
id13_id10_0015.mp4,FAKE
id16_id0_0000.mp4,FAKE
id16_id0_0001.mp4,FAKE
id16_id0_0002.mp4,FAKE
id16_id0_0003.mp4,FAKE
id16_id0_0004.mp4,FAKE
id16_id0_0005.mp4,FAKE
id16_id0_0006.mp4,FAKE
id16_id0_0007.mp4,FAKE
id16_id0_0009.mp4,FAKE
id16_id0_0010.mp4,FAKE
id16_id0_0011.mp4,FAKE
id16_id0_0012.mp4,FAKE
id16_id0_0013.mp4,FAKE
id16_id1_0000.mp4,FAKE
id16_id1_0001.mp4,FAKE
id16_id1_0002.mp4,FAKE
id16_id1_0003.mp4,FAKE
id16_id1_0004.mp4,FAKE
id16_id1_0005.mp4,FAKE
id16_id1_0006.mp4,FAKE
id16_id1_0007.mp4,FAKE
id16_id1_0009.mp4,FAKE
id16_id1_0010.mp4,FAKE
id16_id1_0011.mp4,FAKE
id16_id1_0012.mp4,FAKE
id16_id1_0013.mp4,FAKE
id16_id2_0000.mp4,FAKE
id16_id2_0001.mp4,FAKE
id16_id2_0002.mp4,FAKE
id16_id2_0003.mp4,FAKE
id16_id2_0004.mp4,FAKE
id16_id2_0005.mp4,FAKE
id16_id2_0006.mp4,FAKE
id16_id2_0007.mp4,FAKE
id16_id2_0009.mp4,FAKE
id16_id2_0010.mp4,FAKE
id16_id2_0011.mp4,FAKE
id16_id2_0012.mp4,FAKE
id16_id2_0013.mp4,FAKE
id16_id3_0000.mp4,FAKE
id16_id3_0001.mp4,FAKE
id16_id3_0002.mp4,FAKE
id16_id3_0003.mp4,FAKE
id16_id3_0004.mp4,FAKE
id16_id3_0005.mp4,FAKE
id16_id3_0006.mp4,FAKE
id16_id3_0007.mp4,FAKE
id16_id3_0009.mp4,FAKE
id16_id3_0010.mp4,FAKE
id16_id3_0011.mp4,FAKE
id16_id3_0012.mp4,FAKE
id16_id3_0013.mp4,FAKE
id16_id6_0000.mp4,FAKE
id16_id6_0001.mp4,FAKE
id16_id6_0002.mp4,FAKE
id16_id6_0003.mp4,FAKE
id16_id6_0004.mp4,FAKE
id16_id6_0005.mp4,FAKE
id16_id6_0006.mp4,FAKE
id16_id6_0007.mp4,FAKE
id16_id6_0009.mp4,FAKE
id16_id6_0010.mp4,FAKE
id16_id6_0011.mp4,FAKE
id16_id6_0012.mp4,FAKE
id16_id6_0013.mp4,FAKE
id16_id9_0000.mp4,FAKE
id16_id9_0001.mp4,FAKE
id16_id9_0002.mp4,FAKE
id16_id9_0003.mp4,FAKE
id16_id9_0004.mp4,FAKE
id16_id9_0005.mp4,FAKE
id16_id9_0006.mp4,FAKE
id16_id9_0007.mp4,FAKE
id16_id9_0009.mp4,FAKE
id16_id9_0010.mp4,FAKE
id16_id9_0011.mp4,FAKE
id16_id9_0012.mp4,FAKE
id16_id9_0013.mp4,FAKE
id16_id17_0000.mp4,FAKE
id16_id17_0001.mp4,FAKE
id16_id17_0002.mp4,FAKE
id16_id17_0003.mp4,FAKE
id16_id17_0004.mp4,FAKE
id16_id17_0005.mp4,FAKE
id16_id17_0006.mp4,FAKE
id16_id17_0007.mp4,FAKE
id16_id17_0009.mp4,FAKE
id16_id17_0010.mp4,FAKE
id16_id17_0011.mp4,FAKE
id16_id17_0012.mp4,FAKE
id16_id17_0013.mp4,FAKE
id17_id0_0000.mp4,FAKE
id17_id0_0001.mp4,FAKE
id17_id0_0002.mp4,FAKE
id17_id0_0003.mp4,FAKE
id17_id0_0004.mp4,FAKE
id17_id0_0005.mp4,FAKE
id17_id0_0006.mp4,FAKE
id17_id0_0007.mp4,FAKE
id17_id0_0009.mp4,FAKE
id17_id1_0000.mp4,FAKE
id17_id1_0001.mp4,FAKE
id17_id1_0002.mp4,FAKE
id17_id1_0003.mp4,FAKE
id17_id1_0004.mp4,FAKE
id17_id1_0005.mp4,FAKE
id17_id1_0006.mp4,FAKE
id17_id1_0007.mp4,FAKE
id17_id1_0009.mp4,FAKE
id17_id2_0000.mp4,FAKE
id17_id2_0001.mp4,FAKE
id17_id2_0002.mp4,FAKE
id17_id2_0003.mp4,FAKE
id17_id2_0004.mp4,FAKE
id17_id2_0005.mp4,FAKE
id17_id2_0006.mp4,FAKE
id17_id2_0007.mp4,FAKE
id17_id2_0009.mp4,FAKE
id17_id3_0000.mp4,FAKE
id17_id3_0001.mp4,FAKE
id17_id3_0002.mp4,FAKE
id17_id3_0003.mp4,FAKE
id17_id3_0004.mp4,FAKE
id17_id3_0005.mp4,FAKE
id17_id3_0006.mp4,FAKE
id17_id3_0007.mp4,FAKE
id17_id3_0009.mp4,FAKE
id17_id6_0000.mp4,FAKE
id17_id6_0001.mp4,FAKE
id17_id6_0002.mp4,FAKE
id17_id6_0003.mp4,FAKE
id17_id6_0004.mp4,FAKE
id17_id6_0005.mp4,FAKE
487.mp4,REAL
488.mp4,REAL
489.mp4,REAL
490.mp4,REAL
491.mp4,REAL
492.mp4,REAL
493.mp4,REAL
494.mp4,REAL
495.mp4,REAL
496.mp4,REAL
497.mp4,REAL
498.mp4,REAL
499.mp4,REAL
500.mp4,REAL
000.mp4,REAL
001.mp4,REAL
002.mp4,REAL
003.mp4,REAL
004.mp4,REAL
005.mp4,REAL
006.mp4,REAL
007.mp4,REAL
008.mp4,REAL
009.mp4,REAL
010.mp4,REAL
011.mp4,REAL
012.mp4,REAL
013.mp4,REAL
014.mp4,REAL
015.mp4,REAL
016.mp4,REAL
017.mp4,REAL
018.mp4,REAL
019.mp4,REAL
020.mp4,REAL
021.mp4,REAL
022.mp4,REAL
023.mp4,REAL
024.mp4,REAL
025.mp4,REAL
026.mp4,REAL
027.mp4,REAL
028.mp4,REAL
029.mp4,REAL
030.mp4,REAL
031.mp4,REAL
032.mp4,REAL
033.mp4,REAL
034.mp4,REAL
035.mp4,REAL
036.mp4,REAL
037.mp4,REAL
038.mp4,REAL
039.mp4,REAL
040.mp4,REAL
041.mp4,REAL
042.mp4,REAL
043.mp4,REAL
044.mp4,REAL
045.mp4,REAL
046.mp4,REAL
047.mp4,REAL
048.mp4,REAL
049.mp4,REAL
050.mp4,REAL
051.mp4,REAL
052.mp4,REAL
053.mp4,REAL
054.mp4,REAL
055.mp4,REAL
056.mp4,REAL
057.mp4,REAL
058.mp4,REAL
059.mp4,REAL
060.mp4,REAL
061.mp4,REAL
062.mp4,REAL
063.mp4,REAL
064.mp4,REAL
065.mp4,REAL
066.mp4,REAL
067.mp4,REAL
068.mp4,REAL
069.mp4,REAL
070.mp4,REAL
071.mp4,REAL
072.mp4,REAL
073.mp4,REAL
074.mp4,REAL
075.mp4,REAL
076.mp4,REAL
077.mp4,REAL
078.mp4,REAL
079.mp4,REAL
080.mp4,REAL
081.mp4,REAL
082.mp4,REAL
083.mp4,REAL
084.mp4,REAL
085.mp4,REAL
086.mp4,REAL
087.mp4,REAL
088.mp4,REAL
089.mp4,REAL
090.mp4,REAL
091.mp4,REAL
092.mp4,REAL
093.mp4,REAL
094.mp4,REAL
095.mp4,REAL
096.mp4,REAL
097.mp4,REAL
098.mp4,REAL
099.mp4,REAL
100.mp4,REAL
101.mp4,REAL
102.mp4,REAL
103.mp4,REAL
104.mp4,REAL
105.mp4,REAL
106.mp4,REAL
107.mp4,REAL
108.mp4,REAL
109.mp4,REAL
110.mp4,REAL
111.mp4,REAL
112.mp4,REAL
113.mp4,REAL
114.mp4,REAL
115.mp4,REAL
116.mp4,REAL
117.mp4,REAL
118.mp4,REAL
119.mp4,REAL
120.mp4,REAL
121.mp4,REAL
122.mp4,REAL
123.mp4,REAL
124.mp4,REAL
125.mp4,REAL
126.mp4,REAL
127.mp4,REAL
128.mp4,REAL
129.mp4,REAL
130.mp4,REAL
131.mp4,REAL
132.mp4,REAL
133.mp4,REAL
134.mp4,REAL
135.mp4,REAL
136.mp4,REAL
137.mp4,REAL
138.mp4,REAL
139.mp4,REAL
140.mp4,REAL
141.mp4,REAL
142.mp4,REAL
143.mp4,REAL
144.mp4,REAL
145.mp4,REAL
146.mp4,REAL
147.mp4,REAL
148.mp4,REAL
149.mp4,REAL
150.mp4,REAL
151.mp4,REAL
152.mp4,REAL
153.mp4,REAL
154.mp4,REAL
155.mp4,REAL
156.mp4,REAL
157.mp4,REAL
158.mp4,REAL
159.mp4,REAL
160.mp4,REAL
161.mp4,REAL
162.mp4,REAL
163.mp4,REAL
164.mp4,REAL
165.mp4,REAL
166.mp4,REAL
167.mp4,REAL
168.mp4,REAL
169.mp4,REAL
170.mp4,REAL
171.mp4,REAL
172.mp4,REAL
173.mp4,REAL
174.mp4,REAL
175.mp4,REAL
176.mp4,REAL
177.mp4,REAL
178.mp4,REAL
179.mp4,REAL
180.mp4,REAL
181.mp4,REAL
182.mp4,REAL
183.mp4,REAL
184.mp4,REAL
185.mp4,REAL
186.mp4,REAL
187.mp4,REAL
188.mp4,REAL
189.mp4,REAL
190.mp4,REAL
191.mp4,REAL
192.mp4,REAL
193.mp4,REAL
194.mp4,REAL
195.mp4,REAL
196.mp4,REAL
197.mp4,REAL
198.mp4,REAL
199.mp4,REAL
200.mp4,REAL
201.mp4,REAL
202.mp4,REAL
203.mp4,REAL
204.mp4,REAL
205.mp4,REAL
206.mp4,REAL
207.mp4,REAL
208.mp4,REAL
209.mp4,REAL
210.mp4,REAL
211.mp4,REAL
212.mp4,REAL
213.mp4,REAL
214.mp4,REAL
215.mp4,REAL
216.mp4,REAL
217.mp4,REAL
218.mp4,REAL
219.mp4,REAL
220.mp4,REAL
221.mp4,REAL
222.mp4,REAL
223.mp4,REAL
224.mp4,REAL
225.mp4,REAL
226.mp4,REAL
227.mp4,REAL
228.mp4,REAL
229.mp4,REAL
230.mp4,REAL
231.mp4,REAL
232.mp4,REAL
233.mp4,REAL
234.mp4,REAL
235.mp4,REAL
236.mp4,REAL
237.mp4,REAL
238.mp4,REAL
239.mp4,REAL
240.mp4,REAL
241.mp4,REAL
242.mp4,REAL
243.mp4,REAL
244.mp4,REAL
245.mp4,REAL
246.mp4,REAL
247.mp4,REAL
248.mp4,REAL
249.mp4,REAL
250.mp4,REAL
251.mp4,REAL
252.mp4,REAL
253.mp4,REAL
254.mp4,REAL
255.mp4,REAL
256.mp4,REAL
257.mp4,REAL
258.mp4,REAL
259.mp4,REAL
260.mp4,REAL
261.mp4,REAL
262.mp4,REAL
263.mp4,REAL
264.mp4,REAL
265.mp4,REAL
266.mp4,REAL
267.mp4,REAL
268.mp4,REAL
269.mp4,REAL
270.mp4,REAL
271.mp4,REAL
272.mp4,REAL
273.mp4,REAL
274.mp4,REAL
275.mp4,REAL
276.mp4,REAL
277.mp4,REAL
278.mp4,REAL
279.mp4,REAL
280.mp4,REAL
281.mp4,REAL
282.mp4,REAL
283.mp4,REAL
284.mp4,REAL
285.mp4,REAL
286.mp4,REAL
287.mp4,REAL
288.mp4,REAL
289.mp4,REAL
290.mp4,REAL
291.mp4,REAL
292.mp4,REAL
293.mp4,REAL
294.mp4,REAL
295.mp4,REAL
296.mp4,REAL
297.mp4,REAL
298.mp4,REAL
299.mp4,REAL
300.mp4,REAL
301.mp4,REAL
302.mp4,REAL
303.mp4,REAL
304.mp4,REAL
305.mp4,REAL
306.mp4,REAL
307.mp4,REAL
308.mp4,REAL
309.mp4,REAL
310.mp4,REAL
311.mp4,REAL
312.mp4,REAL
313.mp4,REAL
314.mp4,REAL
315.mp4,REAL
316.mp4,REAL
317.mp4,REAL
318.mp4,REAL
319.mp4,REAL
320.mp4,REAL
321.mp4,REAL
322.mp4,REAL
323.mp4,REAL
324.mp4,REAL
325.mp4,REAL
326.mp4,REAL
327.mp4,REAL
328.mp4,REAL
329.mp4,REAL
330.mp4,REAL
331.mp4,REAL
332.mp4,REAL
333.mp4,REAL
334.mp4,REAL
335.mp4,REAL
336.mp4,REAL
337.mp4,REAL
338.mp4,REAL
339.mp4,REAL
340.mp4,REAL
341.mp4,REAL
342.mp4,REAL
343.mp4,REAL
344.mp4,REAL
345.mp4,REAL
346.mp4,REAL
347.mp4,REAL
348.mp4,REAL
349.mp4,REAL
350.mp4,REAL
351.mp4,REAL
352.mp4,REAL
353.mp4,REAL
354.mp4,REAL
355.mp4,REAL
356.mp4,REAL
357.mp4,REAL
358.mp4,REAL
359.mp4,REAL
360.mp4,REAL
361.mp4,REAL
362.mp4,REAL
363.mp4,REAL
364.mp4,REAL
365.mp4,REAL
366.mp4,REAL
367.mp4,REAL
368.mp4,REAL
369.mp4,REAL
370.mp4,REAL
371.mp4,REAL
372.mp4,REAL
373.mp4,REAL
374.mp4,REAL
375.mp4,REAL
376.mp4,REAL
377.mp4,REAL
378.mp4,REAL
379.mp4,REAL
380.mp4,REAL
381.mp4,REAL
382.mp4,REAL
383.mp4,REAL
384.mp4,REAL
385.mp4,REAL
386.mp4,REAL
387.mp4,REAL
388.mp4,REAL
389.mp4,REAL
390.mp4,REAL
391.mp4,REAL
392.mp4,REAL
393.mp4,REAL
394.mp4,REAL
395.mp4,REAL
396.mp4,REAL
397.mp4,REAL
398.mp4,REAL
399.mp4,REAL
400.mp4,REAL
401.mp4,REAL
402.mp4,REAL
403.mp4,REAL
404.mp4,REAL
405.mp4,REAL
406.mp4,REAL
407.mp4,REAL
408.mp4,REAL
409.mp4,REAL
410.mp4,REAL
411.mp4,REAL
412.mp4,REAL
413.mp4,REAL
414.mp4,REAL
415.mp4,REAL
416.mp4,REAL
417.mp4,REAL
418.mp4,REAL
419.mp4,REAL
420.mp4,REAL
421.mp4,REAL
422.mp4,REAL
423.mp4,REAL
424.mp4,REAL
425.mp4,REAL
426.mp4,REAL
427.mp4,REAL
428.mp4,REAL
429.mp4,REAL
430.mp4,REAL
431.mp4,REAL
432.mp4,REAL
433.mp4,REAL
434.mp4,REAL
435.mp4,REAL
436.mp4,REAL
437.mp4,REAL
438.mp4,REAL
439.mp4,REAL
440.mp4,REAL
441.mp4,REAL
442.mp4,REAL
443.mp4,REAL
444.mp4,REAL
445.mp4,REAL
446.mp4,REAL
447.mp4,REAL
448.mp4,REAL
449.mp4,REAL
450.mp4,REAL
451.mp4,REAL
452.mp4,REAL
453.mp4,REAL
454.mp4,REAL
455.mp4,REAL
456.mp4,REAL
457.mp4,REAL
458.mp4,REAL
459.mp4,REAL
460.mp4,REAL
461.mp4,REAL
462.mp4,REAL
463.mp4,REAL
464.mp4,REAL
465.mp4,REAL
466.mp4,REAL
467.mp4,REAL
468.mp4,REAL
469.mp4,REAL
470.mp4,REAL
471.mp4,REAL
472.mp4,REAL
473.mp4,REAL
474.mp4,REAL
475.mp4,REAL
476.mp4,REAL
477.mp4,REAL
478.mp4,REAL
479.mp4,REAL
480.mp4,REAL
481.mp4,REAL
482.mp4,REAL
483.mp4,REAL
484.mp4,REAL
485.mp4,REAL
486.mp4,REAL
